subj_id,loss,alpha,beta_d,beta_a,theta,b_0,k,tta_crit,ndt_location,ndt_scale
all,5528.989550581243,0.3946104915356514,0.15457753621544934,0.022466393608098656,15.030839016309567,2.5405428751822514,0.016932515669312753,5.800736236985921,0.00513650035497637,0.2767598999766729
