subj_id,loss,alpha,beta_d,beta_a,theta,b_0,k,tta_crit,ndt_location,ndt_scale
all,3.0248910752989926,0.33291361613000703,0.39498261524460676,4.197669767389451,9.203093374198163,4.0778756315991735,1.9476719582101487,5.663866473448041,0.00237588620586604,0.49916554831203513
