subj_id,loss,alpha,beta_d,theta,B,x0,ndt_location,ndt_scale
all,4859.7000023571945,0.4133297756949945,0.0014885299819936693,6.857464888345644,1.3391735663403437,0.6442959481855273,0.15636000437827047,0.15197496961533316
