subj_id,loss,alpha,beta_d,beta_a,theta,b_0,k,tta_crit,ndt_location,ndt_scale
all,5543.702159163286,0.3820280887987444,0.16972306015119176,0.03630614062141024,16.18984170700848,2.5297150095538457,0.007550790654935469,3.2063611626853987,0.0017032654042604678,0.2710190910102154
