subj_id,loss,alpha,beta_d,beta_a,theta,b_0,k,tta_crit,ndt_location,ndt_scale
all,5544.1634986713725,0.4449495972237143,0.14333440426708877,0.008693808861124808,14.288384873055143,2.6345520596750527,0.011330092248669876,8.009755052931919,0.019708139878849562,0.31231816812866264
