subj_id,loss,alpha,beta_d,beta_a,theta,b_0,k,ndt_location,ndt_scale,x0
all,6197.915951092813,0.00026633175358803385,0.20685954201655427,1.0124226909203808,0.7514223122340447,1.18829164673331,0.19892232030970025,0.35772321290137943,0.08951574855180755,0.19140493552104326
