subj_id,loss,alpha,beta_d,theta,B,ndt_location,ndt_scale
all,5049.793516874082,0.44933086936427535,0.2044682165739709,18.495856724681836,1.2829895937827103,0.0,0.25830080103976055
