subj_id,loss,alpha,beta_d,beta_a,theta,b_0,k,tta_crit,ndt_location,ndt_scale
all,5707.377232352323,0.4426921275375406,0.13150564224815398,0.02862862818987022,13.525453988173094,2.490047558032825,0.01816086975295672,8.430654184619012,0.007838916158311449,0.32184570854268163
