subj_id,loss,alpha,beta_d,theta,B,ndt_location,ndt_scale
all,5416.619398171401,0.356992092454429,0.20146984492805786,18.246996843713916,1.2375325754201398,0.005515421992183911,0.26697415066912383
