subj_id,loss,alpha,beta_d,beta_a,theta,b_0,k,tta_crit,ndt_location,ndt_scale,x0
all,5001.707008721589,0.17105799792629428,0.03348213054840621,0.36237255648337197,12.083908401856466,2.8198508509953473,0.046561762282310015,7.787782288288706,0.6228086366343468,0.15115332373198098,0.1548036529639477
